country,meanlife,meanGDP
Australia,74.66291666666666,19980.595634166668
France,74.34891666666667,18833.570327083333
Spain,74.20341666666667,14029.82647875
Italy,74.01383333333334,16245.209006416668
Chile,67.43091666666666,6703.289147083333
South Africa,53.99316666666667,7247.431074416667
